<?xml version="1.0" encoding="UTF-8"?>
<project version="4">
  <component name="AutoImportSettings">
    <option name="autoReloadType" value="NONE" />
  </component>
  <component name="ChangeListManager">
    <list default="true" id="9aa8017c-e6c8-492e-9c7a-444cd69ec4dd" name="Changes" comment="" />
    <option name="SHOW_DIALOG" value="false" />
    <option name="HIGHLIGHT_CONFLICTS" value="true" />
    <option name="HIGHLIGHT_NON_ACTIVE_CHANGELIST" value="false" />
    <option name="LAST_RESOLUTION" value="IGNORE" />
  </component>
  <component name="ClangdSettings">
    <option name="formatViaClangd" value="false" />
  </component>
  <component name="ProjectColorInfo">{
  &quot;associatedIndex&quot;: 2
}</component>
  <component name="ProjectId" id="36a6tq9X5uwxhpm8P7TwVtjycnx" />
  <component name="ProjectViewState">
    <option name="hideEmptyMiddlePackages" value="true" />
    <option name="showLibraryContents" value="true" />
  </component>
  <component name="PropertiesComponent"><![CDATA[{
  "keyToString": {
    "Gradle.Upgrade Gradle wrapper.executor": "Run",
    "RunOnceActivity.ShowReadmeOnStart": "true",
    "RunOnceActivity.cidr.known.project.marker": "true",
    "RunOnceActivity.readMode.enableVisualFormatting": "true",
    "android.gradle.sync.needed": "true",
    "cf.first.check.clang-format": "false",
    "cidr.known.project.marker": "true",
    "settings.editor.selected.configurable": "project.propVCSSupport.DirectoryMappings"
  }
}]]></component>
  <component name="RecentsManager">
    <key name="MoveFile.RECENT_KEYS">
      <recent name="$PROJECT_DIR$/.php/admin" />
    </key>
  </component>
  <component name="TaskManager">
    <task active="true" id="Default" summary="Default task">
      <changelist id="9aa8017c-e6c8-492e-9c7a-444cd69ec4dd" name="Changes" comment="" />
      <created>1765232553118</created>
      <option name="number" value="Default" />
      <option name="presentableId" value="Default" />
      <updated>1765232553118</updated>
    </task>
    <servers />
  </component>
</project>