{
  "project_info": {
    "project_number": "824923944312",
    "project_id": "yourskin1-5e80a",
    "storage_bucket": "yourskin1-5e80a.firebasestorage.app"
  },
  "client": [
    {
      "client_info": {
        "mobilesdk_app_id": "1:824923944312:android:e06f7ba8d605aa1275048d",
        "android_client_info": {
          "package_name": "com.example.yourskin"
        }
      },
      "oauth_client": [],
      "api_key": [
        {
          "current_key": "AIzaSyBYkZL-RaaVXDgEYR8SnFRv7_OKYjq_bEI"
        }
      ],
      "services": {
        "appinvite_service": {
          "other_platform_oauth_client": []
        }
      }
    }
  ],
  "configuration_version": "1"
}